message,category
"I need a professional website for my restaurant business with online ordering features.","Web Development"
"Can you build me an e-commerce site where customers can buy my handmade products?","Web Development"
"We need a corporate website redesign for our law firm with a modern look.","Web Development"
"I want a portfolio website to showcase my photography work.","Web Development"
"Our company needs a custom CMS so we can update content ourselves.","Web Development"
"Can you create a landing page for our new product launch?","Web Development"
"We need a real estate website with property listings and a search filter.","Web Development"
"I want a blog website with categories, tags, and a newsletter signup.","Web Development"
"Build us a membership website where users can log in and access exclusive content.","Web Development"
"We need a multi-language website for our international business.","Web Development"
"I need an iOS and Android app for my food delivery startup.","App Development"
"Can you develop a fitness tracking app with GPS and calorie counter?","App Development"
"We want to build a social networking app similar to Instagram for our niche community.","App Development"
"I need a mobile app for my salon to allow customers to book appointments.","App Development"
"Can you create a meditation and mental wellness app with guided sessions?","App Development"
"We need a cross-platform app for managing field sales teams.","App Development"
"I want an augmented reality app for my furniture store so customers can visualize products.","App Development"
"Build us a ride-sharing app with real-time driver tracking.","App Development"
"We need a learning management app for our school with quizzes and video lessons.","App Development"
"Can you develop a hospital patient management mobile app?","App Development"
"Our app looks outdated, we need a complete UI redesign to improve user experience.","UI/UX Design"
"We want a user research study and wireframes before we start building our product.","UI/UX Design"
"Can you create high-fidelity prototypes for our SaaS dashboard?","UI/UX Design"
"We need a design system with reusable components for our development team.","UI/UX Design"
"Our checkout flow has a high drop-off rate, can you audit and improve the UX?","UI/UX Design"
"I need a complete brand identity with logo, color palette, and typography guidelines.","UI/UX Design"
"Can you design user journey maps and personas for our e-commerce platform?","UI/UX Design"
"We need accessibility improvements across our web application for WCAG compliance.","UI/UX Design"
"Design a mobile-first interface for our banking app with a clean and trustworthy feel.","UI/UX Design"
"We want usability testing and a report on pain points in our current product.","UI/UX Design"
"We need help running Google Ads and Facebook campaigns for our clothing brand.","Digital Marketing"
"Can you manage our social media accounts and create engaging content?","Digital Marketing"
"We want to launch an influencer marketing campaign for our skincare products.","Digital Marketing"
"Help us with email marketing automation to nurture our leads.","Digital Marketing"
"We need a comprehensive content marketing strategy for the next 6 months.","Digital Marketing"
"Can you run retargeting ads to bring back visitors who didn't convert on our site?","Digital Marketing"
"We want to grow our YouTube channel and need video content strategy.","Digital Marketing"
"Help us set up and optimize our Google My Business profile.","Digital Marketing"
"We need a paid media strategy to launch our new subscription service.","Digital Marketing"
"Can you help with affiliate marketing setup for our online store?","Digital Marketing"
"Our website is not ranking on Google. We need full SEO services.","SEO"
"Can you do keyword research and on-page optimization for our blog?","SEO"
"We need technical SEO audit and fixes for our e-commerce store.","SEO"
"Help us with local SEO so our business appears in local search results.","SEO"
"Our organic traffic dropped after a Google update, can you help us recover?","SEO"
"We need backlink building and off-page SEO for our new website.","SEO"
"Can you optimize our product pages for better search visibility?","SEO"
"We need SEO competitor analysis to understand why rivals rank higher than us.","SEO"
"Help us create an SEO content calendar targeting high-volume keywords.","SEO"
"We want a monthly SEO reporting dashboard with rank tracking.","SEO"
"We need custom ERP software to manage our manufacturing operations.","Software Solutions"
"Can you build a CRM system tailored to our real estate agency?","Software Solutions"
"We need an inventory management system integrated with our POS.","Software Solutions"
"Build us an HR and payroll software for our 200-employee company.","Software Solutions"
"We need a custom billing and invoicing system for our accounting firm.","Software Solutions"
"Can you develop an API integration between our warehouse and shipping systems?","Software Solutions"
"We need a data analytics dashboard to track KPIs across our business units.","Software Solutions"
"Build a document management system with role-based access for our hospital.","Software Solutions"
"We need automation software to reduce manual data entry in our operations.","Software Solutions"
"Can you help migrate our legacy system to a modern cloud-based solution?","Software Solutions"
"Hello, I just wanted to know what services your company offers.","General Inquiry"
"What is your pricing for a basic website project?","General Inquiry"
"Do you offer monthly maintenance packages for existing websites?","General Inquiry"
"I would like to schedule a discovery call to discuss my project.","General Inquiry"
"How long does it usually take to complete a mobile app project?","General Inquiry"
"Do you work with international clients?","General Inquiry"
"Can you share some case studies or examples of your previous work?","General Inquiry"
"What technologies and platforms do you specialize in?","General Inquiry"
"Do you offer any free consultation before starting a project?","General Inquiry"
"I am a student, do you offer any discounted packages for startups?","General Inquiry"
"I am very unhappy with the website you delivered. It doesn't match what we agreed on.","Complaint"
"The mobile app has multiple bugs that were supposed to be fixed weeks ago.","Complaint"
"Your team has been very unresponsive and we have missed our launch deadline.","Complaint"
"I paid for SEO services 3 months ago and my rankings have not improved at all.","Complaint"
"The design you delivered looks nothing like the approved mockup.","Complaint"
"We are experiencing constant downtime on our website and no one is helping us.","Complaint"
"Your support team took 5 days to respond to a critical server issue.","Complaint"
"I feel cheated. The final product has fewer features than what was promised.","Complaint"
"The invoices I keep receiving do not match the contract we signed.","Complaint"
"We had a very bad experience with your project manager who was rude and dismissive.","Complaint"
